<?xml version="1.0" encoding="UTF-8" ?>
<!DOCTYPE mapper
  PUBLIC "-//mybatis.org//DTD Mapper 3.0//EN"
  "http://mybatis.org/dtd/mybatis-3-mapper.dtd">

<mapper namespace="com.jisu.test.dao.ProductMapper">

<insert id="productInsert" parameterType="product">
	insert into 
		SWDO_product_tb(
		    openUri
			,productDisplayName
		)values(
		    #{openUri}
			,#{productDisplayName}
		)
</insert>

<delete id="productDelete" parameterType="String">
	delete from
		SWDO_product_tb
	where
		openUri = #{openUri}
</delete>

<select id="productSelectAll_admin" resultType="product">
	select
		openUri
		,productDisplayName
	from
		SWDO_product_tb
</select>

<select id="productTotalRecordsCount" parameterType="String" resultType="int">
	select
		count(*)
	from
		SWDO_product_tb
	<if test="_parameter != null">
	where
		upper(productDisplayName) like '%'||upper(#{searchText})||'%'
	</if>
</select>

<select id="productSelectAll" parameterType="String" resultType="product">
	select
		openUri
		,productDisplayName
	from
		SWDO_product_tb
	<if test="_parameter != null"> <!-- 매개 변수 하나 전달 || VO를 통하지 않고 받을 때 -->
	where
		upper(productDisplayName) like '%'||upper(#{searchText})||'%' 	
	</if>
</select>

<insert id="imageInsert" parameterType="userImage">
	insert into 
		SWDO_userImage_tb(
			originalFileName
			,savedFileName
		    ,savedFilePath
		)values(
			#{originalFileName}
			,#{savedFileName}
		    ,#{savedFilePath}
		)
</insert>

</mapper>
