<?xml version="1.0" encoding="UTF-8" ?>
<!DOCTYPE mapper
  PUBLIC "-//mybatis.org//DTD Mapper 3.0//EN"
  "http://mybatis.org/dtd/mybatis-3-mapper.dtd">

<mapper namespace="com.jisu.test.dao.UserMapper">

<insert id="userInsert" parameterType="user">
	insert into 
		SWDO_user_tb(
			user_no
			,user_id
		    ,user_pw
		    ,user_name
		)values(
			SWDO_user_seq.nextval
			,#{user_id}
		    ,#{user_pw}
		    ,#{user_name}
		)
</insert>

<select id="userSelectAll" resultType="user">
	select  
		user_no 
		,user_id
		,user_pw
		,user_name
		,to_char(user_indate, 'YYYY-MM-DD') as user_indate
	from
		SWDO_user_tb
</select>

<delete id="userDelete" parameterType="user">
	delete from
		SWDO_user_tb
	where
		user_id = #{user_id}
</delete>

<select id="userSelectOne" parameterType="user" resultType="user">
	select
		user_no 
		,user_id
		,user_pw
		,user_name
		,to_char(user_indate, 'YYYY-MM-DD') as user_indate
	from
		SWDO_user_tb
	where
		user_id = #{user_id}
</select>

<update id="userUpdate" parameterType="user">
	update
		SWDO_user_tb
	set
		user_pw = #{user_pw}
		,user_name = #{user_name}
	where
		user_id = #{user_id}
</update>

<select id="userLogin" parameterType="user" resultType="user">
	select
		user_no 
		,user_id
		,user_pw
		,user_name
		,to_char(user_indate, 'YYYY-MM-DD') as user_indate
	from
		SWDO_user_tb
	where
		user_id = #{user_id}
</select>


</mapper>
