<?xml version="1.0" encoding="UTF-8"?>
<beans:beans xmlns="http://www.springframework.org/schema/mvc"
	xmlns:xsi="http://www.w3.org/2001/XMLSchema-instance"
	xmlns:beans="http://www.springframework.org/schema/beans"
	xmlns:context="http://www.springframework.org/schema/context"
	xmlns:mvc="http://www.springframework.org/schema/mvc"
	xsi:schemaLocation="http://www.springframework.org/schema/mvc https://www.springframework.org/schema/mvc/spring-mvc.xsd
		http://www.springframework.org/schema/beans https://www.springframework.org/schema/beans/spring-beans.xsd
		http://www.springframework.org/schema/context https://www.springframework.org/schema/context/spring-context.xsd">

	<!-- DispatcherServlet Context: defines this servlet's request-processing infrastructure -->
	
	<!-- Enables the Spring MVC @Controller programming model -->
	<annotation-driven />

	<!-- Handles HTTP GET requests for /resources/** by efficiently serving up static resources in the ${webappRoot}/resources directory -->
	<resources mapping="/resources/**" location="/resources/" />

	<!-- Resolves views selected for rendering by @Controllers to .jsp resources in the /WEB-INF/views directory -->
	<beans:bean class="org.springframework.web.servlet.view.InternalResourceViewResolver">
		<beans:property name="prefix" value="/WEB-INF/views/" />
		<beans:property name="suffix" value=".jsp" />
	</beans:bean>
	
	<context:component-scan base-package="com.jisu.test" />
	
		<!-- 로그인 인터셉터 정의 -->
	<beans:bean id="loginInterceptor" class="com.jisu.test.util.LoginInterceptor"></beans:bean>
		
	<!-- 로그인 인터셉터를 경유해서 처리할 경로들 지정 -->
	<!-- 현 XML파일 상단의 beans 태그 내에 xmlns:mvc="http://www.springframework.org/schema/mvc" 추가하고 사용 -->
	<interceptors>
		<interceptor>
				
	<!-- 특정 네임스페이스 하위의 모든 경로에 대하여 와일드카드 지정하고 특정 경로만 배제 가능 -->
			<mvc:mapping path="/board/**" /> 
			<exclude-mapping path="/board/boardListForm"/> 
			<exclude-mapping path="/board/boardDetailForm"/> 
				
			<!-- <mapping path="/user/listForm" /> -->
			
			<!-- 위의 경로들은 다음의 인터셉터를 경유한다. -->
			<beans:ref bean="loginInterceptor" />
		</interceptor>
	</interceptors>
	
	

	
</beans:beans>
