<?xml version="1.0" encoding="UTF-8" ?>
<!DOCTYPE configuration
  PUBLIC "-//mybatis.org//DTD Config 3.0//EN"
  "http://mybatis.org/dtd/mybatis-3-config.dtd">
<configuration>
	<typeAliases>
		<typeAlias type="com.jisu.test.vo.UserVO" alias="user"/>
		<typeAlias type="com.jisu.test.vo.ProductVO" alias="product"/>
		<typeAlias type="com.jisu.test.vo.UserImageVO" alias="userImage"/>
		<typeAlias type="com.jisu.test.vo.BoardVO" alias="board"/>
		<typeAlias type="com.jisu.test.vo.ReplyVO" alias="reply"/>
	</typeAliases>
	<mappers>
		<mapper resource="mapper/userMapper.xml"/>
		<mapper resource="mapper/productMapper.xml"/>
		<mapper resource="mapper/boardMapper.xml"/>
	</mappers>
</configuration>
